<?xml version="1.0" encoding="UTF-8"?>
<!DOCTYPE mapper 
PUBLIC "-//mybatis.org//DTD Mapper 3.0//EN" 
"http://mybatis.org/dtd/mybatis-3-mapper.dtd" >

<mapper namespace="com.koreait.final1.repository.BoardMapper">

	<resultMap type="Board" id="Board">
		<result column="BIDX" property="idx" />
		<result column="BWRITER" property="writer" />
		<result column="BTITLE" property="title" />
		<result column="BCONTENT" property="content" />
		<result column="BDATE" property="created" />
	</resultMap>


	<select id="selectList" resultMap="Board">
		SELECT BIDX, BWRITER, BTITLE, BCONTENT, BDATE
		  FROM BOARD
	</select>
	
	<select id="selectBoardCount" resultType="Long">
		SELECT COUNT(BIDX)
		  FROM BOARD
	</select>

	<select id="selectByIdx" parameterType="Long" resultMap="Board">
		SELECT BIDX, BWRITER, BTITLE, BCONTENT
		  FROM BOARD
		 WHERE BIDX = #{idx}
	</select>
	
	<insert id="insertBoard" parameterType="Board">
		INSERT INTO BOARD
		VALUES (BOARD_SEQ.NEXTVAL, #{writer}, #{title}, #{content}, SYSDATE)
	</insert>
	
	<update id="updateBoard" parameterType="Board">
		UPDATE BOARD
		   SET BTITLE = #{title}
		     , BCONTENT = #{content}
		     , BDATE = SYSDATE
 	  	 WHERE BIDX = #{idx}
	</update>

	<delete id="deleteBoard" parameterType="Long">
		DELETE 
		  FROM BOARD
		 WHERE BIDX = #{idx}
	</delete>
	
</mapper>